2016-easyprivacy,Website
12,dmm.co.jp
10,nih.gov
2,duckduckgo.com
4,zhanqi.tv
14,pexels.com
17,bedbathandbeyond.com
9,eatthis.com
27,olx.in
6,homedepot.com
5,aliyun.com
4,taobao.com
13,iyiou.com
3,fool.com
0,elbalad.news
2,sportbible.com
6,spankbang.com
5,t.me
31,elwatannews.com
78,okezone.com
13,ensonhaber.com
35,rakuten.com
10,csdn.net
5,researchgate.net
18,upwork.com
9,msn.com
36,adp.com
15,abs-cbn.com
5,ups.com
10,op.gg
6,leetcode.com
6,hepsiburada.com
9,ameblo.jp
8,mercadolivre.com.br
2,ikea.com
9,goodreads.com
26,manoramaonline.com
21,prnt.sc
5,namnak.com
12,torob.com
4,washingtonpost.com
20,kooora.com
8,amazon.es
19,coursehero.com
2,pinterest.com
19,overstock.com
13,vimeo.com
9,medium.com
23,pcbaby.com.cn
13,kohls.com
18,ea.com
13,ssense.com
9,taleo.net
2,google.az
29,kompas.com
12,chess.com
21,jawapos.com
10,alodokter.com
8,sahibinden.com
2,360.com
3,haosou.com
2,google.dz
13,imgur.com
7,nike.com
2,yahoo.com
0,dcinside.com
2,google.com.au
12,sindonews.com
2,so.com
2,mozilla.org
16,lowes.com
2,lenovo.com
2,macys.com
28,inquirer.net
4,51.la
6,jianshu.com
15,marca.com
5,linkedin.com
25,nypost.com
6,bet9ja.com
18,cricbuzz.com
10,ilovepdf.com
2,protonmail.com
13,kapanlagi.com
17,geeksforgeeks.org
5,sourceforge.net
2,taobao.com
9,cnzz.com
8,blackboard.com
2,google.fr
5,agoda.com
11,whatsapp.com
4,ok.ru
0,xinhuanet.com
10,istockphoto.com
29,mytheresa.com
10,digikala.com
8,as.com
9,shopstyle.com
10,schwab.com
2,google.com.mx
9,cloudflare.com
2,facebook.com
16,shutterfly.com
3,costco.com
5,turkiye.gov.tr
2,google.com.sa
12,nikkei.com
16,tumblr.com
2,shareasale.com
9,telewebion.com
20,accuweather.com
3,tudou.com
4,thingiverse.com
7,zhihu.com
5,archive.org
9,stackoverflow.com
33,investing.com
17,360doc.com
19,cnnindonesia.com
40,realtor.com
15,depositphotos.com
7,xhamster.com
7,amazon.fr
8,intuit.com
13,android.com
7,weather.com
42,detik.com
0,9384.com
2,tistory.com
2,dell.com
9,amazon.com.br
3,renren.com
2,6.cn
8,flashscore.com
5,tripadvisor.com
4,smallpdf.com
19,patch.com
14,xhamsterlive.com
16,pixabay.com
2,namasha.com
11,dcard.tw
2,xvideos.com
23,51yes.com
2,gmx.net
2,google.co.uk
8,go.com
5,52pk.com
16,booking.com
0,ettoday.net
5,japanpost.jp
31,zhibo8.cc
5,envato.com
5,tutorialspoint.com
4,hulu.com
10,sarkariresult.com
6,atlassian.com
2,wikimedia.org
12,nfl.com
2,yahoo.co.jp
9,in.gr
7,eee114.com
20,squareup.com
4,mailchimp.com
16,yelp.com
36,trendyol.com
6,metamask.io
18,liputan6.com
8,mail.ru
3,jd.com
19,hao123.com
9,amazon.de
27,kakaku.com
7,amazon.com
2,meesho.com
2,coupang.com
9,padlet.com
2,google.pl
8,dostor.org
2,google.com.eg
7,addthis.com
13,breitbart.com
4,cnet.com
14,adobe.com
10,wix.com
36,nba.com
12,globo.com
12,shopify.com
20,rottentomatoes.com
7,stackexchange.com
5,news18.com
48,babytree.com
29,parsfootball.com
6,gogoanime.cm
87,crowdworks.jp
15,indiatimes.com
19,hp.com
2,t.co
15,eventbrite.com
0,ionos.com
13,squarespace.com
12,ndtv.com
2,chinanetrank.com
17,idntimes.com
13,canva.com
2,google.de
2,ih5.cn
8,bestbuy.com
19,ubereats.com
5,orange.fr
25,bukalapak.com
17,slideshare.net
2,tiktok.com
28,tribunnews.com
10,douban.com
11,poki.com
21,slickdeals.net
7,divar.ir
9,salesforce.com
22,seekingalpha.com
5,dangdang.com
6,mit.edu
24,ticketmaster.com
3,evernote.com
22,allegro.pl
7,meituan.com
6,trustwallet.com
29,techcrunch.com
4,wellsfargo.com
18,setn.com
2,google.it
2,ecer.com
2,stripchat.com
6,dropbox.com
0,lenta.ru
4,vk.com
6,amazon.in
2,google.es
6,sogou.com
9,teachable.com
2,google.co.in
10,vvvdj.com
2,google.com.ar
6,livejasmin.com
16,eksisozluk.com
6,alibaba.com
40,businessinsider.com
4,oschina.net
8,ftx.com
12,redbubble.com
5,yy.com
4,wish.com
21,bbc.co.uk
26,dstv.com
14,aliexpress.com
3,dianping.com
0,elementor.com
8,reddit.com
14,wordpress.org
11,aparat.com
7,iqiyi.com
20,usps.com
12,etoro.com
14,ebay.de
15,uptodown.com
16,xabbs.com
38,lazada.co.th
7,mercadolibre.com.ar
10,gsmarena.com
7,rednet.cn
8,office.com
13,fril.jp
14,lyst.com
3,fedex.com
24,hotstar.com
12,cambridge.org
7,discordapp.com
16,animeflv.net
21,chase.com
8,shopbop.com
5,iqbroker.com
0,mathrubhumi.com
7,haiwainet.cn
4,yoox.com
12,uol.com.br
12,metropoles.com
7,shippingchina.com
8,zillow.com
23,taboola.com
2,google.co.kr
24,cnn.com
4,imdb.com
5,gismeteo.ru
21,espn.com
2,w3school.com.cn
29,bhaskar.com
14,mediafire.com
17,webmd.com
2,endclothing.com
6,biblegateway.com
2,google.co.th
8,flipkart.com
9,wordpress.com
13,ouedkniss.com
5,bilibili.com
36,sporx.com
24,slack.com
2,kumparan.com
12,soundcloud.com
25,outbrain.com
16,bhphotovideo.com
9,zol.com.cn
8,delta.com
14,getadblock.com
29,worldometers.info
20,forbes.com
0,ozon.ru
29,thesaurus.com
8,trustpilot.com
15,irs.gov
2,google.co.id
15,rt.com
10,naukri.com
28,cvs.com
9,scribd.com
6,fontawesome.com
4,expedia.com
13,doordash.com
7,seznam.cz
9,topfo.com
2,shaparak.ir
26,avito.ru
11,heavy.com
10,cnzz.com
2,disqus.com
18,shutterstock.com
2,1337x.to
2,sq.cn
12,walgreens.com
4,flickr.com
17,bbc.com
7,chegg.com
52,vnexpress.net
12,amazon.ca
3,it168.com
8,patreon.com
15,nicovideo.jp
6,sciencedirect.com
22,softonic.com
2,uidai.gov.in
13,amazon.it
4,zara.com
31,newegg.com
7,razorpay.com
6,trello.com
2,google.com
4,gap.com
19,deviantart.com
0,visitbeijing.com.cn
25,freelancer.com
4,ximalaya.com
25,livejournal.com
15,moneycontrol.com
11,wsj.com
14,youm7.com
2,bing.com
5,mercari.com
3,cnnic.cn
18,codepen.io
5,tradingview.com
21,att.com
18,bolasport.com
10,sonhoo.com
8,jotform.com
6,bankofamerica.com
2,fidelity.com
2,google.com.tw
12,youporn.com
2,codelist.cc
2,crypto.com
2,google.cn
24,pixnet.net
7,oeeee.com
5,17ok.com
11,riotgames.com
4,matchesfashion.com
10,liansuo.com
10,ultimate-guitar.com
9,etsy.com
25,lazada.sg
17,formula1.com
7,youtube.com
11,premierleague.com
0,deepl.com
39,pcmag.com
3,apple.com
15,cbssports.com
2,farfetch.com
8,merriam-webster.com
6,360.cn
32,ibicn.com
11,bongacams.com
4,58.com
25,southcn.com
11,icicibank.com
34,hostgator.com
34,allrecipes.com
23,9gag.com
28,ahram.org.eg
7,babyschool.com.cn
7,chaturbate.com
2,discord.com
6,coinmarketcap.com
8,dnevnik.ru
5,elpais.com
7,fc2.com
8,freshdesk.com
17,genius.com
6,info.com
22,hootsuite.com
7,monday.com
9,nextdoor.com
28,ria.ru
5,steamcommunity.com
8,stockx.com
17,themeforest.net
5,telegram.org
6,unsplash.com
4,u.gg
2,thepiratebay.org
41,163.com
2,web.de
2,258.com
11,51sole.com
10,academia.edu
25,albawabhnews.com
23,airbnb.com
2,alipay.com
3,alimama.com
3,amazon.com.au
9,amazon.co.uk
8,amazon.co.jp
7,americanexpress.com
23,aol.com
6,asriran.com
11,asos.com
2,bet365.com
2,baidu.com
3,bet365.com
46,bloomberg.com
10,biobiochile.cl
12,bluehost.com
7,ca.gov
14,canada.ca
7,capitalone.com
5,clickbank.com
7,clickfunnels.com
21,chouftv.ma
9,cj.com
13,chron.com
30,cnbc.com
27,cnbeta.com
4,coinbase.com
17,dailymotion.com
11,daum.net
4,delgarm.com
7,donya-e-eqtesad.com
7,docin.com
18,ebay.com
11,ebay-kleinanzeigen.de
15,ebay.co.uk
11,ebay.com.au
9,epicgames.com
8,ebc.net.tw
19,fardanews.com
2,filimo.com
12,fiverr.com
6,focus.cn
9,freepik.com
12,globalsources.com
13,foxnews.com
2,google.ca
7,godaddy.com
2,gome.com.cn
2,google.co.ve
2,google.co.jp
2,google.com.hk
2,google.com.tr
2,google.com.sg
2,google.com.ua
4,gosuslugi.ru
2,google.gr
2,google.com.vn
2,google.ro
14,grammarly.com
3,gusuwang.com
35,healthline.com
19,hdfcbank.com
8,hindustantimes.com
29,ign.com
6,instagram.com
16,indeed.com
10,instructure.com
4,iliangcang.com
27,iherb.com
27,investopedia.com
52,iweihai.cn
10,kickstarter.com
5,kdslife.com
30,ltn.com.tw
15,livescore.com
12,leboncoin.fr
9,makemytrip.com
5,mehrnews.com
16,medicalnewstoday.com
6,mercadolibre.com.mx
35,mrporter.com
6,messenger.com
15,mheducation.com
7,myntra.com
2,microsoft.com
2,morningpost.com.cn
15,namecheap.com
6,netflix.com
5,naver.com
15,npr.org
2,oracle.com
2,otto.de
11,nytimes.com
2,onlinesbi.com
2,pchome.com.tw
5,paypal.com
4,pikiran-rakyat.com
15,people.com.cn
63,proiezionidiborsa.it
6,rakuten.co.jp
0,rambler.ru
10,redfin.com
35,reuters.com
11,roblox.com
20,shein.com
19,sina.com.cn
6,speedtest.net
36,sohu.com
3,tamin.ir
16,surveymonkey.com
7,t-mobile.com
2,t66y.com
41,suara.com
6,tejaratnews.com
2,target.com
14,theepochtimes.com
9,tianya.cn
11,tokopedia.com
11,twitch.tv
18,udemy.com
14,usnews.com
12,usatoday.com
14,vidio.com
6,w3schools.com
4,walmart.com
35,weebly.com
8,wetransfer.com
16,xfinity.com
3,wikipedia.org
14,wp.pl
16,yeniakit.com.tr
9,yandex.ru
12,zendesk.com
8,zoho.com
19,zoom.us
4,verizon.com
9,zerodha.com
5,free.fr
