2015-easyprivacy,Website
6,360.cn
16,9gag.com
17,aliexpress.ru
23,allegro.pl
23,allrecipes.com
5,ameblo.jp
19,animeflv.net
4,archive.org
5,as.com
20,babyschool.com.cn
27,bitly.com
21,bolasport.com
15,bongacams.com
6,ca.gov
5,chaduo.com
4,chaturbate.com
28,chouftv.ma
3,cnnic.cn
26,codepen.io
6,coinmarketcap.com
78,crowdworks.jp
7,deepl.com
2,discord.com
2,discordapp.com
2,disqus.com
4,divar.ir
2,duckduckgo.com
5,ecer.com
20,eksisozluk.com
0,elementor.com
4,elpais.com
6,epicgames.com
13,evernote.com
12,fc2.com
8,filimo.com
6,freecodecamp.org
9,freshdesk.com
12,fril.jp
23,genius.com
18,getadblock.com
4,github.com
5,go.com
2,haosou.com
12,heavy.com
5,home77.com
12,hootsuite.com
10,huim.com
4,ih5.cn
2,info.com
5,instagram.com
10,ionos.com
15,kakaku.com
5,leetcode.com
6,lenovo.com
0,lenta.ru
0,mail.ru
4,mailchimp.com
5,medium.com
2,mercari.com
2,messenger.com
7,monday.com
4,namnak.com
7,nextdoor.com
0,note.com
29,nypost.com
4,ok.ru
23,okezone.com
31,olx.in
11,padlet.com
7,panda.tv
16,patch.com
5,pixabay.com
2,poki.com
8,prnt.sc
8,quizlet.com
2,razorpay.com
3,renren.com
27,ria.ru
2,roozaneh.net
13,rt.com
19,rutracker.org
41,samsung.com
17,seekingalpha.com
2,shaparak.ir
2,shareasale.com
3,shein.com
2,shopee.vn
7,slack.com
4,smallpdf.com
4,soso.com
13,soundcloud.com
8,sourceforge.net
5,spankbang.com
20,squareup.com
9,stackexchange.com
10,stackoverflow.com
5,steamcommunity.com
5,stockx.com
2,stripchat.com
2,t.co
4,t.me
3,taleo.net
8,teachable.com
24,techcrunch.com
5,telegram.org
13,themeforest.net
2,torob.com
8,trello.com
18,tribunnews.com
6,trustwallet.com
11,twitter.com
2,u.gg
11,ubereats.com
2,uidai.gov.in
5,unsplash.com
9,upwork.com
14,verizon.com
13,vimeo.com
5,vk.com
16,vnexpress.net
2,web.de
3,weibo.com
8,wordpress.com
9,wordpress.org
2,1337x.to
0,163.com
5,17ok.com
4,258.com
3,360.com
11,360doc.com
4,51.la
20,51sole.com
21,51yes.com
5,52pk.com
4,58.com
2,6.cn
2,9384.com
20,abs-cbn.com
13,academia.edu
11,accuweather.com
6,addthis.com
5,adobe.com
14,adp.com
15,agoda.com
45,ahram.org.eg
19,airbnb.com
9,albawabhnews.com
7,alibaba.com
7,aliexpress.com
3,alimama.com
3,alipay.com
6,aliyun.com
6,alodokter.com
6,amazon.ca
6,amazon.co.jp
6,amazon.co.uk
2,amazon.com.au
2,amazon.com.br
6,amazon.de
3,amazon.es
6,amazon.it
3,americanexpress.com
12,android.com
20,aol.com
8,aparat.com
22,ask.com
2,asos.com
3,asriran.com
16,asus.com
7,atlassian.com
13,att.com
15,avito.ru
59,babytree.com
2,baidu.com
6,bankofamerica.com
22,bbc.co.uk
16,bbc.com
29,bedbathandbeyond.com
6,bestbuy.com
38,bhaskar.com
8,bhphotovideo.com
6,biblegateway.com
2,bilibili.com
6,bing.com
18,biobiochile.cl
12,blackboard.com
0,bloomberg.com
11,bluehost.com
25,booking.com
11,breitbart.com
19,bukalapak.com
0,businessinsider.com
15,cambridge.org
13,canada.ca
14,canva.com
7,capitalone.com
16,cbssports.com
9,chase.com
5,chegg.com
12,chess.com
24,chron.com
8,cj.com
15,clickbank.com
5,clickfunnels.com
5,cloudflare.com
43,cnbc.com
29,cnbeta.com
8,cnblogs.com
8,cnnindonesia.com
5,cnzz.com
8,coinbase.com
2,costco.com
2,coupang.com
21,coursehero.com
21,cricbuzz.com
37,crunchyroll.com
2,crypto.com
8,csdn.net
30,cvs.com
2,dailymotion.com
67,dangdang.com
11,daum.net
12,dcard.tw
0,dcinside.com
4,delgarm.com
7,dell.com
9,delta.com
46,detik.com
10,deviantart.com
3,dianping.com
6,digikala.com
12,dmm.co.jp
6,docin.com
4,donya-e-eqtesad.com
13,doordash.com
20,dostor.org
11,douban.com
14,dstv.com
27,ea.com
11,eatthis.com
9,ebay-kleinanzeigen.de
21,ebay.co.uk
7,ebay.com.au
17,ebay.de
9,ebc.net.tw
7,eee114.com
46,elwatannews.com
8,endclothing.com
13,ensonhaber.com
5,envato.com
22,espncricinfo.com
41,etoro.com
9,etsy.com
28,ettoday.net
23,eventbrite.com
25,expedia.com
2,facebook.com
9,fardanews.com
2,farfetch.com
3,fedex.com
2,fidelity.com
13,fiverr.com
7,flashscore.com
2,flickr.com
21,flipkart.com
5,focus.cn
6,fontawesome.com
12,fool.com
36,forbes.com
4,formula1.com
13,foxnews.com
42,freelancer.com
6,freepik.com
2,gap.com
33,geeksforgeeks.org
18,gismeteo.ru
2,glassdoor.com
7,globalsources.com
10,globo.com
2,gmx.net
56,godaddy.com
2,gome.com.cn
12,goodreads.com
2,google.az
2,google.ca
2,google.cn
2,google.co.id
2,google.co.jp
2,google.co.kr
2,google.co.th
2,google.co.uk
2,google.co.ve
2,google.com
2,google.com.ar
2,google.com.au
2,google.com.br
2,google.com.eg
2,google.com.mx
2,google.com.sa
2,google.com.sg
2,google.com.tr
2,google.com.tw
2,google.com.ua
2,google.com.vn
2,google.de
2,google.dz
2,google.es
2,google.fr
2,google.gr
2,google.it
2,google.pl
2,google.ro
2,google.ru
4,gosuslugi.ru
28,grammarly.com
5,gsmarena.com
5,gusuwang.com
4,haiwainet.cn
14,hao123.com
14,hdfcbank.com
13,healthline.com
2,hepsiburada.com
13,hindustantimes.com
13,homedepot.com
21,hostgator.com
11,hotstar.com
4,house365.com
16,hp.com
16,huanqiu.com
4,hulu.com
12,ibicn.com
12,icicibank.com
26,ign.com
18,iherb.com
2,ikea.com
5,iliangcang.com
2,imdb.com
9,in.gr
13,indeed.com
14,indiamart.com
16,indiatimes.com
0,inquirer.net
26,instructure.com
11,intuit.com
27,investing.com
30,investopedia.com
4,iqbroker.com
6,iqiyi.com
2,irctc.co.in
20,irs.gov
9,istockphoto.com
3,it168.com
51,iweihai.cn
2,iyiou.com
4,japanpost.jp
18,jawapos.com
4,jiameng.com
5,jianshu.com
11,jotform.com
2,kakao.com
8,kapanlagi.com
17,kdslife.com
12,kickstarter.com
22,kohls.com
0,kompas.com
12,kooora.com
29,lazada.co.th
18,lazada.sg
5,leboncoin.fr
7,liansuo.com
12,linkedin.com
16,liputan6.com
6,livejasmin.com
12,livejournal.com
26,livescore.com
11,lowes.com
14,ltn.com.tw
14,lyst.com
7,makemytrip.com
5,manoramaonline.com
0,marca.com
6,matchesfashion.com
14,mathrubhumi.com
9,mediafire.com
11,medicalnewstoday.com
4,mehrnews.com
4,meituan.com
9,mercadolibre.com.ar
9,mercadolibre.com.mx
11,mercadolivre.com.br
20,merriam-webster.com
3,metropoles.com
6,mheducation.com
6,mit.edu
14,moneycontrol.com
6,morningpost.com.cn
40,mrporter.com
10,msn.com
15,myntra.com
13,mytheresa.com
33,n11.com
5,namasha.com
7,namecheap.com
9,naukri.com
6,naver.com
81,nba.com
15,ndtv.com
2,netflix.com
42,newegg.com
4,news18.com
12,nfl.com
9,nicovideo.jp
18,nih.gov
4,nike.com
7,nikkei.com
9,noon.com
7,npr.org
13,nytimes.com
8,oeeee.com
8,office.com
16,okta.com
2,onlinesbi.com
3,op.gg
5,orange.fr
2,oschina.net
2,otto.de
8,ouedkniss.com
27,outbrain.com
31,overstock.com
11,ozon.ru
7,parsfootball.com
13,patreon.com
7,paypal.com
6,pcbaby.com.cn
4,pchome.com.tw
25,pcmag.com
0,people.com.cn
14,pexels.com
9,pikiran-rakyat.com
14,pinterest.com
20,pixnet.net
49,proiezionidiborsa.it
2,protonmail.com
2,qoo10.sg
49,qq.com
7,rakuten.co.jp
23,rakuten.com
0,rambler.ru
7,realtor.com
9,redbubble.com
7,reddit.com
19,redfin.com
14,rednet.cn
2,researchgate.net
21,reuters.com
13,riotgames.com
12,roblox.com
31,rottentomatoes.com
4,runoob.com
8,salesforce.com
18,sarkariresult.com
7,schwab.com
13,sciencedirect.com
22,scribd.com
16,setn.com
10,seznam.cz
7,shippingchina.com
11,shopbop.com
5,shopify.com
81,shopstyle.com
11,shutterstock.com
15,sindonews.com
11,slideshare.net
2,so.com
13,softonic.com
6,sogou.com
12,sohu.com
5,sonhoo.com
29,southcn.com
6,speedtest.net
2,sq.cn
16,squarespace.com
8,ssense.com
13,suara.com
13,surveymonkey.com
18,t-mobile.com
2,t66y.com
6,taboola.com
2,tamin.ir
5,taobao.com
8,target.com
4,tejaratnews.com
17,telewebion.com
19,theepochtimes.com
6,thepiratebay.org
18,thesaurus.com
4,thingiverse.com
9,tianya.cn
16,ticketmaster.com
3,tinder.com
2,tistory.com
3,tmall.com
12,tokopedia.com
6,topfo.com
6,tradingview.com
29,trendyol.com
2,tripadvisor.com
6,trustpilot.com
3,tudou.com
15,tumblr.com
6,turkiye.gov.tr
5,tutorialspoint.com
14,twitch.tv
2,udemy.com
0,udn.com
13,ultimate-guitar.com
19,uol.com.br
2,ups.com
16,uptodown.com
12,usatoday.com
10,usnews.com
11,usps.com
10,vidio.com
12,visitbeijing.com.cn
18,vvvdj.com
2,w3school.com.cn
16,walgreens.com
5,walmart.com
25,washingtonpost.com
3,weather.com
17,webmd.com
17,weebly.com
7,wellsfargo.com
10,wetransfer.com
10,whatsapp.com
2,wikimedia.org
2,wikipedia.org
6,wish.com
22,wix.com
32,worldometers.info
15,wp.pl
34,wsj.com
16,xabbs.com
19,xfinity.com
0,xinhuanet.com
8,xnxx.com
2,xvideos.com
2,yahoo.com
6,yandex.ru
18,yelp.com
13,yeniakit.com.tr
13,yoox.com
12,youm7.com
12,youporn.com
4,zara.com
18,zendesk.com
2,zhanqi.tv
8,zhihu.com
15,zillow.com
5,zoho.com
6,zol.com.cn
2,macys.com
15,sporx.com
6,free.fr
5,xhamster.com
5,zerodha.com
31,zhibo8.cc
5,zoom.us
